insert into album(album_id,album_name,release_date,album_cover)
	values ("1","1989","2014-10-27","Taylor_Swift_-_1989.png");
insert into album(album_id,album_name,release_date,album_cover)
	values ("2","Red","2012-10-22","Taylor_Swift_-_Red.png");
insert into album(album_id,album_name,release_date,album_cover)
	values ("3","Let It Bleed","1969-12-5","Rolling_Stones_-_Let_It_Bleed.png");
insert into album(album_id,album_name,release_date,album_cover)
	values ("4","News of the World","1977-10-28","Queen_-_News_Of_The_World.png");
insert into album(album_id,album_name,release_date,album_cover)
	values ("5","The Works","1984-2-27","Queen_-_The_Works.png");
insert into album(album_id,album_name,release_date,album_cover)
	values ("6","1000 Forms of Fear","2014-7-4","Sia_-_1000_Forms_of_Fear.png");
insert into album(album_id,album_name,release_date,album_cover)
	values ("7","21","2011-1-19","Adele_-_21.png");
insert into album(album_id,album_name,release_date,album_cover)
	values ("8","25","2015-11-20","Adele_-_25.png");
insert into album(album_id,album_name,release_date,album_cover)
	values ("9","What a Time to Be Alive","2015-9-20","Drake_Future_-_What_a_Time_to_Be_Alive.png");
insert into album(album_id,album_name,release_date,album_cover)
	values ("10","Nothing Was the Same","2013-9-23","Drake_-_Nothing_Was_the_Same.png");
insert into album(album_id,album_name,release_date,album_cover)
	values ("11","Under the Mistletoe","2011-11-1","Justin_Bieber_-_Under_the_Mistletoe.png");
insert into album(album_id,album_name,release_date,album_cover)
	values ("12","Adventure (Deluxe)","2015-3-27","Madeon_-_Adventure_(Deluxe).png");
insert into album(album_id,album_name,release_date,album_cover)
	values ("13","AT.LONG.LAST.A$AP","2015-5-26","A$AP_Rocky_-_AT.LONG.LAST.A$AP.jpg");
insert into general_song(song_id,track_name,lyrics,audio_sample,length_seconds,album_id,track_number)
	values ("1","Bad Blood","Taylor_Swift_-_Bad_Blood.txt","Taylor_Swift_-_Bad_Blood.mp3","211","1","8");
insert into general_song(song_id,track_name,lyrics,audio_sample,length_seconds,album_id,track_number)
	values ("2","Blank Space","Taylor_Swift_-_Blank_Space.txt","Taylor_Swift_-_Blank_Space.mp3","231","1","2");
insert into general_song(song_id,track_name,lyrics,audio_sample,length_seconds,album_id,track_number)
	values ("3","Treacherous","Taylor_Swift_-_Treacherous.txt","Taylor_Swift_-_Treacherous.mp3","241","2","3");
insert into general_song(song_id,track_name,lyrics,audio_sample,length_seconds,album_id,track_number)
	values ("4","Gimme Shelter","Rolling_Stones_-_Gimme_Shelter.txt","Rolling_Stones_-_Gimme_Shelter.mp3","277","3","1");
insert into general_song(song_id,track_name,lyrics,audio_sample,length_seconds,album_id,track_number)
	values ("5","We Will Rock You","Queen_-_We_Will_Rock_You.txt","Queen_-_We_Will_Rock_You.mp3","122","4","1");
insert into general_song(song_id,track_name,lyrics,audio_sample,length_seconds,album_id,track_number)
	values ("6","One and Only","Adele_-_One_and_Only.txt","Adele_-_One_and_Only.mp3","348","7","9");
insert into general_song(song_id,track_name,lyrics,audio_sample,length_seconds,album_id,track_number)
	values ("7","The Christmas Song (Chestnuts Roasting on an Open Fire)","Justin_Bieber_-_The_Christmas_Song.txt","Justin_Bieber_-_The_Christmas_Song.mp3","215","11","3");
insert into general_song(song_id,track_name,lyrics,audio_sample,length_seconds,album_id,track_number)
	values ("8","Isometric (Intro)",NULL,"Madeon_-_Isometric_(Intro).mp3","81","12","1");
insert into general_song(song_id,track_name,lyrics,audio_sample,length_seconds,album_id,track_number)
	values ("9","You're On",NULL,"Madeon_-_You're_On.mp3","193","12","2");
insert into general_song(song_id,track_name,lyrics,audio_sample,length_seconds,album_id,track_number)
	values ("10","OK",NULL,"Madeon_-_OK.mp3","182","12","3");
insert into general_song(song_id,track_name,lyrics,audio_sample,length_seconds,album_id,track_number)
	values ("11","La Lune",NULL,"Madeon_-_La_Lune.mp3","220","12","4");
insert into general_song(song_id,track_name,lyrics,audio_sample,length_seconds,album_id,track_number)
	values ("12","Pay No Mind","Madeon_-_Pay_No_Mind.txt","Madeon_-_Pay_No_Mind.mp3","249","12","5");
insert into general_song(song_id,track_name,lyrics,audio_sample,length_seconds,album_id,track_number)
	values ("13","Beings",NULL,"Madeon_-_Beings.mp3","215","12","6");
insert into general_song(song_id,track_name,lyrics,audio_sample,length_seconds,album_id,track_number)
	values ("14","Imperium",NULL,"Madeon_-_Imperium.mp3","199","12","7");
insert into general_song(song_id,track_name,lyrics,audio_sample,length_seconds,album_id,track_number)
	values ("15","Zephyr",NULL,"Madeon_-_Zephyr.mp3","220","12","8");
insert into general_song(song_id,track_name,lyrics,audio_sample,length_seconds,album_id,track_number)
	values ("16","Nonsense",NULL,"Madeon_-_Nonsense.mp3","226","12","9");
insert into general_song(song_id,track_name,lyrics,audio_sample,length_seconds,album_id,track_number)
	values ("17","Innocence",NULL,"Madeon_-_Innocence.mp3","224","12","10");
insert into general_song(song_id,track_name,lyrics,audio_sample,length_seconds,album_id,track_number)
	values ("18","Pixel Empire",NULL,"Madeon_-_Pixel Empire.mp3","245","12","11");
insert into general_song(song_id,track_name,lyrics,audio_sample,length_seconds,album_id,track_number)
	values ("19","Home",NULL,"Madeon_-_Home.mp3","225","12","12");
insert into general_song(song_id,track_name,lyrics,audio_sample,length_seconds,album_id,track_number)
	values ("20","Icarus",NULL,"Madeon_-_Icarus.mp3","215","12","13");
insert into general_song(song_id,track_name,lyrics,audio_sample,length_seconds,album_id,track_number)
	values ("21","Finale",NULL,"Madeon_-_Finale.mp3","205","12","14");
insert into general_song(song_id,track_name,lyrics,audio_sample,length_seconds,album_id,track_number)
	values ("22","The City",NULL,"Madeon_-_The City.mp3","234","12","15");
insert into general_song(song_id,track_name,lyrics,audio_sample,length_seconds,album_id,track_number)
	values ("23","Cut the Kid",NULL,"Madeon_-_Cut the Kid.mp3","198","12","16");
insert into general_song(song_id,track_name,lyrics,audio_sample,length_seconds,album_id,track_number)
	values ("24","Technicolor",NULL,"Madeon_-_Technicolor.mp3","385","12","17");
insert into general_song(song_id,track_name,lyrics,audio_sample,length_seconds,album_id,track_number)
	values ("25","Only Way Out",NULL,"Madeon_-_Only_Way_Out.mp3","227","12","18");
insert into general_song(song_id,track_name,lyrics,audio_sample,length_seconds,album_id,track_number)
	values ("26","Holy Ghost","A$AP_Rocky_-_Holy_Ghost.txt",NULL,"191","13","1");
insert into general_song(song_id,track_name,lyrics,audio_sample,length_seconds,album_id,track_number)
	values ("27","Canal St.","A$AP_Rocky_-_Canal_St..txt",NULL,"227","13","2");
insert into general_song(song_id,track_name,lyrics,audio_sample,length_seconds,album_id,track_number)
	values ("28","Fine Whine","A$AP_Rocky_-_Fine_Whine.txt",NULL,"219","13","3");
insert into general_song(song_id,track_name,lyrics,audio_sample,length_seconds,album_id,track_number)
	values ("29","L$D","A$AP_Rocky_-_L$D.txt",NULL,"238","13","4");
insert into general_song(song_id,track_name,lyrics,audio_sample,length_seconds,album_id,track_number)
	values ("30","Excuse Me","A$AP_Rocky_-_Excuse_Me.txt",NULL,"238","13","5");
insert into general_song(song_id,track_name,lyrics,audio_sample,length_seconds,album_id,track_number)
	values ("31","JD","A$AP_Rocky_-_JD.txt",NULL,"106","13","6");
insert into general_song(song_id,track_name,lyrics,audio_sample,length_seconds,album_id,track_number)
	values ("32","Lord Pretty Flacko Jodye 2 (LPFJ2)","A$AP_Rocky_-_Lord_Pretty_Flacko_Jodye_2_(LPFJ2).txt",NULL,"127","13","7");
insert into general_song(song_id,track_name,lyrics,audio_sample,length_seconds,album_id,track_number)
	values ("33","Electric Body","A$AP_Rocky_-_Electric_Body.txt",NULL,"255","13","8");
insert into general_song(song_id,track_name,lyrics,audio_sample,length_seconds,album_id,track_number)
	values ("34","Jukebox Joints","A$AP_Rocky_-_Jukebox_Joints.txt",NULL,"324","13","9");
insert into general_song(song_id,track_name,lyrics,audio_sample,length_seconds,album_id,track_number)
	values ("35","Max B","A$AP_Rocky_-_Max_B.txt",NULL,"241","13","10");
insert into general_song(song_id,track_name,lyrics,audio_sample,length_seconds,album_id,track_number)
	values ("36","Pharsyde","A$AP_Rocky_-_Pharcyde.txt",NULL,"222","13","11");
insert into general_song(song_id,track_name,lyrics,audio_sample,length_seconds,album_id,track_number)
	values ("37","Wavybone","A$AP_Rocky_-_Wavybone.txt",NULL,"303","13","12");
insert into general_song(song_id,track_name,lyrics,audio_sample,length_seconds,album_id,track_number)
	values ("38","West Side Highway","A$AP_Rocky_-_West_Side_Highway.txt",NULL,"177","13","13");
insert into general_song(song_id,track_name,lyrics,audio_sample,length_seconds,album_id,track_number)
	values ("39","Better Things","A$AP_Rocky_-_Better_Things.txt",NULL,"199","13","14");
insert into general_song(song_id,track_name,lyrics,audio_sample,length_seconds,album_id,track_number)
	values ("40","M'$","A$AP_Rocky_-_M'$.txt",NULL,"233","13","15");
insert into general_song(song_id,track_name,lyrics,audio_sample,length_seconds,album_id,track_number)
	values ("41","Dreams (Interlude)","A$AP_Rocky_-_Dreams_(Interlude).txt",NULL,"137","13","16");
insert into general_song(song_id,track_name,lyrics,audio_sample,length_seconds,album_id,track_number)
	values ("42","Everyday","A$AP_Rocky_-_Everyday.txt",NULL,"261","13","17");
insert into general_song(song_id,track_name,lyrics,audio_sample,length_seconds,album_id,track_number)
	values ("43","Back Home","A$AP_Rocky_-_Back_Home.txt",NULL,"278","13","18");
insert into single_song(song_id,release_date,cover_art)
	values ("1","2015-05-17","Taylor_Swift_-_Bad_Blood.png");
insert into single_song(song_id,release_date,cover_art)
	values ("2","2014-11-10","Taylor_Swift_-_Blank_Space.png");
insert into single_song(song_id,release_date,cover_art)
	values ("4","1969-12-05",NULL);
insert into single_song(song_id,release_date,cover_art)
	values ("5","1977-10-07","Queen_-_We_Will_Rock_You.png");
insert into artist(artist_name)
	values ("Taylor Swift");
insert into artist(artist_name)
	values ("The Rolling Stones");
insert into artist(artist_name)
	values ("Queen");
insert into artist(artist_name)
	values ("Sia");
insert into artist(artist_name)
	values ("Adele");
insert into artist(artist_name)
	values ("Drake");
insert into artist(artist_name)
	values ("Future");
insert into artist(artist_name)
	values ("Usher");
insert into artist(artist_name)
	values ("Justin Bieber");
insert into artist(artist_name)
	values ("Madeon");
insert into artist(artist_name)
	values ("Kyan");
insert into artist(artist_name)
	values ("Dan Smith");
insert into artist(artist_name)
	values ("Passion Pit");
insert into artist(artist_name)
	values ("Mark Foster");
insert into artist(artist_name)
	values ("Aquilo");
insert into artist(artist_name)
	values ("Nicholas Petricca");
insert into artist(artist_name)
	values ("Vancouver Sleep Clinic");
insert into artist(artist_name)
	values ("A$AP Rocky");
insert into artist(artist_name)
	values ("Joe Fox");
insert into artist(artist_name)
	values ("Bones");
insert into artist(artist_name)
	values ("Schoolboy Q");
insert into artist(artist_name)
	values ("Kanye West");
insert into artist(artist_name)
	values ("Juicy J");
insert into artist(artist_name)
	values ("UGK");
insert into artist(artist_name)
	values ("James Fauntleroy");
insert into artist(artist_name)
	values ("Lil Wayne");
insert into artist(artist_name)
	values ("Rod Stewart");
insert into artist(artist_name)
	values ("Miguel");
insert into artist(artist_name)
	values ("Mark Ronson");
insert into artist(artist_name)
	values ("Mos Def");
insert into artist(artist_name)
	values ("Acyde");
insert into artist(artist_name)
	values ("Yams");
insert into artist(artist_name)
	values ("M.I.A.");
insert into genre(genre_name)
	values ("pop");
insert into genre(genre_name)
	values ("hip hop");
insert into genre(genre_name)
	values ("electropop");
insert into genre(genre_name)
	values ("dance-pop");
insert into genre(genre_name)
	values ("synthpop");
insert into genre(genre_name)
	values ("hard rock");
insert into genre(genre_name)
	values ("blues");
insert into genre(genre_name)
	values ("country blues");
insert into genre(genre_name)
	values ("arena rock");
insert into genre(genre_name)
	values ("rock");
insert into genre(genre_name)
	values ("soul");
insert into genre(genre_name)
	values ("R&B");
insert into genre(genre_name)
	values ("trap");
insert into genre(genre_name)
	values ("pop rock");
insert into genre(genre_name)
	values ("holiday");
insert into genre(genre_name)
	values ("teen pop");
insert into genre(genre_name)
	values ("dance");
insert into genre(genre_name)
	values ("electro house");
insert into music_format(format_name)
	values ("mp3");
insert into music_format(format_name)
	values ("audio cd");
insert into music_format(format_name)
	values ("vinyl");
insert into music_format(format_name)
	values ("cassette");
insert into store(store_name)
	values ("Amazon");
insert into store(store_name)
	values ("Barnes & Noble");
insert into store(store_name)
	values ("Walmart");
insert into store(store_name)
	values ("iTunes");
insert into artists_of_songs(song_id,artist_name)
	values ("1","Taylor Swift");
insert into artists_of_songs(song_id,artist_name)
	values ("2","Taylor Swift");
insert into artists_of_songs(song_id,artist_name)
	values ("3","Taylor Swift");
insert into artists_of_songs(song_id,artist_name)
	values ("4","The Rolling Stones");
insert into artists_of_songs(song_id,artist_name)
	values ("5","Queen");
insert into artists_of_songs(song_id,artist_name)
	values ("6","Adele");
insert into artists_of_songs(song_id,artist_name)
	values ("7","Justin Bieber");
insert into artists_of_songs(song_id,artist_name)
	values ("8","Madeon");
insert into artists_of_songs(song_id,artist_name)
	values ("9","Madeon");
insert into artists_of_songs(song_id,artist_name)
	values ("10","Madeon");
insert into artists_of_songs(song_id,artist_name)
	values ("11","Madeon");
insert into artists_of_songs(song_id,artist_name)
	values ("12","Madeon");
insert into artists_of_songs(song_id,artist_name)
	values ("13","Madeon");
insert into artists_of_songs(song_id,artist_name)
	values ("14","Madeon");
insert into artists_of_songs(song_id,artist_name)
	values ("15","Madeon");
insert into artists_of_songs(song_id,artist_name)
	values ("16","Madeon");
insert into artists_of_songs(song_id,artist_name)
	values ("17","Madeon");
insert into artists_of_songs(song_id,artist_name)
	values ("18","Madeon");
insert into artists_of_songs(song_id,artist_name)
	values ("19","Madeon");
insert into artists_of_songs(song_id,artist_name)
	values ("20","Madeon");
insert into artists_of_songs(song_id,artist_name)
	values ("21","Madeon");
insert into artists_of_songs(song_id,artist_name)
	values ("22","Madeon");
insert into artists_of_songs(song_id,artist_name)
	values ("23","Madeon");
insert into artists_of_songs(song_id,artist_name)
	values ("24","Madeon");
insert into artists_of_songs(song_id,artist_name)
	values ("25","Madeon");
insert into artists_of_songs(song_id,artist_name)
	values ("26","A$AP Rocky");
insert into artists_of_songs(song_id,artist_name)
	values ("27","A$AP Rocky");
insert into artists_of_songs(song_id,artist_name)
	values ("28","A$AP Rocky");
insert into artists_of_songs(song_id,artist_name)
	values ("29","A$AP Rocky");
insert into artists_of_songs(song_id,artist_name)
	values ("30","A$AP Rocky");
insert into artists_of_songs(song_id,artist_name)
	values ("31","A$AP Rocky");
insert into artists_of_songs(song_id,artist_name)
	values ("32","A$AP Rocky");
insert into artists_of_songs(song_id,artist_name)
	values ("33","A$AP Rocky");
insert into artists_of_songs(song_id,artist_name)
	values ("34","A$AP Rocky");
insert into artists_of_songs(song_id,artist_name)
	values ("35","A$AP Rocky");
insert into artists_of_songs(song_id,artist_name)
	values ("36","A$AP Rocky");
insert into artists_of_songs(song_id,artist_name)
	values ("37","A$AP Rocky");
insert into artists_of_songs(song_id,artist_name)
	values ("38","A$AP Rocky");
insert into artists_of_songs(song_id,artist_name)
	values ("39","A$AP Rocky");
insert into artists_of_songs(song_id,artist_name)
	values ("40","A$AP Rocky");
insert into artists_of_songs(song_id,artist_name)
	values ("41","A$AP Rocky");
insert into artists_of_songs(song_id,artist_name)
	values ("42","A$AP Rocky");
insert into artists_of_songs(song_id,artist_name)
	values ("43","A$AP Rocky");
insert into featured_artists_of_songs(song_id,featured_artist_name)
	values ("7","Usher");
insert into featured_artists_of_songs(song_id,featured_artist_name)
	values ("9","Kyan");
insert into featured_artists_of_songs(song_id,featured_artist_name)
	values ("11","Dan Smith");
insert into featured_artists_of_songs(song_id,featured_artist_name)
	values ("12","Passion Pit");
insert into featured_artists_of_songs(song_id,featured_artist_name)
	values ("16","Mark Foster");
insert into featured_artists_of_songs(song_id,featured_artist_name)
	values ("17","Aquilo");
insert into featured_artists_of_songs(song_id,featured_artist_name)
	values ("21","Nicholas Petricca");
insert into featured_artists_of_songs(song_id,featured_artist_name)
	values ("25","Vancouver Sleep Clinic");
insert into featured_artists_of_songs(song_id,featured_artist_name)
	values ("26","Joe Fox");
insert into featured_artists_of_songs(song_id,featured_artist_name)
	values ("27","Bones");
insert into featured_artists_of_songs(song_id,featured_artist_name)
	values ("28","Joe Fox");
insert into featured_artists_of_songs(song_id,featured_artist_name)
	values ("28","Future");
insert into featured_artists_of_songs(song_id,featured_artist_name)
	values ("28","M.I.A.");
insert into featured_artists_of_songs(song_id,featured_artist_name)
	values ("33","Schoolboy Q");
insert into featured_artists_of_songs(song_id,featured_artist_name)
	values ("34","Joe Fox");
insert into featured_artists_of_songs(song_id,featured_artist_name)
	values ("34","Kanye West");
insert into featured_artists_of_songs(song_id,featured_artist_name)
	values ("35","Joe Fox");
insert into featured_artists_of_songs(song_id,featured_artist_name)
	values ("36","Joe Fox");
insert into featured_artists_of_songs(song_id,featured_artist_name)
	values ("37","Juicy J");
insert into featured_artists_of_songs(song_id,featured_artist_name)
	values ("37","UGK");
insert into featured_artists_of_songs(song_id,featured_artist_name)
	values ("38","James Fauntleroy");
insert into featured_artists_of_songs(song_id,featured_artist_name)
	values ("40","Lil Wayne");
insert into featured_artists_of_songs(song_id,featured_artist_name)
	values ("42","Rod Stewart");
insert into featured_artists_of_songs(song_id,featured_artist_name)
	values ("42","Miguel");
insert into featured_artists_of_songs(song_id,featured_artist_name)
	values ("42","Mark Ronson");
insert into featured_artists_of_songs(song_id,featured_artist_name)
	values ("43","Mos Def");
insert into featured_artists_of_songs(song_id,featured_artist_name)
	values ("43","Acyde");
insert into featured_artists_of_songs(song_id,featured_artist_name)
	values ("43","Yams");
insert into genre_of_song(song_id,genre_name)
	values ("1","pop");
insert into genre_of_song(song_id,genre_name)
	values ("1","hip hop");
insert into genre_of_song(song_id,genre_name)
	values ("2","electropop");
insert into genre_of_song(song_id,genre_name)
	values ("3","pop");
insert into genre_of_song(song_id,genre_name)
	values ("4","hard rock");
insert into genre_of_song(song_id,genre_name)
	values ("5","arena rock");
insert into genre_of_song(song_id,genre_name)
	values ("6","pop rock");
insert into genre_of_song(song_id,genre_name)
	values ("7","holiday");
insert into genre_of_song(song_id,genre_name)
	values ("8","electro house");
insert into genre_of_song(song_id,genre_name)
	values ("9","electro house");
insert into genre_of_song(song_id,genre_name)
	values ("10","electro house");
insert into genre_of_song(song_id,genre_name)
	values ("11","electro house");
insert into genre_of_song(song_id,genre_name)
	values ("12","electro house");
insert into genre_of_song(song_id,genre_name)
	values ("13","electro house");
insert into genre_of_song(song_id,genre_name)
	values ("14","electro house");
insert into genre_of_song(song_id,genre_name)
	values ("15","electro house");
insert into genre_of_song(song_id,genre_name)
	values ("16","electro house");
insert into genre_of_song(song_id,genre_name)
	values ("17","electro house");
insert into genre_of_song(song_id,genre_name)
	values ("18","electro house");
insert into genre_of_song(song_id,genre_name)
	values ("19","electro house");
insert into genre_of_song(song_id,genre_name)
	values ("20","electro house");
insert into genre_of_song(song_id,genre_name)
	values ("21","electro house");
insert into genre_of_song(song_id,genre_name)
	values ("22","electro house");
insert into genre_of_song(song_id,genre_name)
	values ("23","electro house");
insert into genre_of_song(song_id,genre_name)
	values ("24","electro house");
insert into genre_of_song(song_id,genre_name)
	values ("25","electro house");
insert into genre_of_song(song_id,genre_name)
	values ("26","hip hop");
insert into genre_of_song(song_id,genre_name)
	values ("27","hip hop");
insert into genre_of_song(song_id,genre_name)
	values ("28","hip hop");
insert into genre_of_song(song_id,genre_name)
	values ("29","hip hop");
insert into genre_of_song(song_id,genre_name)
	values ("30","hip hop");
insert into genre_of_song(song_id,genre_name)
	values ("31","hip hop");
insert into genre_of_song(song_id,genre_name)
	values ("32","hip hop");
insert into genre_of_song(song_id,genre_name)
	values ("33","hip hop");
insert into genre_of_song(song_id,genre_name)
	values ("34","hip hop");
insert into genre_of_song(song_id,genre_name)
	values ("35","hip hop");
insert into genre_of_song(song_id,genre_name)
	values ("36","hip hop");
insert into genre_of_song(song_id,genre_name)
	values ("37","hip hop");
insert into genre_of_song(song_id,genre_name)
	values ("38","hip hop");
insert into genre_of_song(song_id,genre_name)
	values ("39","hip hop");
insert into genre_of_song(song_id,genre_name)
	values ("40","hip hop");
insert into genre_of_song(song_id,genre_name)
	values ("41","hip hop");
insert into genre_of_song(song_id,genre_name)
	values ("42","hip hop");
insert into genre_of_song(song_id,genre_name)
	values ("43","hip hop");
insert into artists_of_albums(album_id,artist_name)
	values ("1","Taylor Swift");
insert into artists_of_albums(album_id,artist_name)
	values ("2","Taylor Swift");
insert into artists_of_albums(album_id,artist_name)
	values ("3","The Rolling Stones");
insert into artists_of_albums(album_id,artist_name)
	values ("4","Queen");
insert into artists_of_albums(album_id,artist_name)
	values ("5","Queen");
insert into artists_of_albums(album_id,artist_name)
	values ("6","Sia");
insert into artists_of_albums(album_id,artist_name)
	values ("7","Adele");
insert into artists_of_albums(album_id,artist_name)
	values ("8","Adele");
insert into artists_of_albums(album_id,artist_name)
	values ("9","Drake");
insert into artists_of_albums(album_id,artist_name)
	values ("9","Future");
insert into artists_of_albums(album_id,artist_name)
	values ("10","Drake");
insert into artists_of_albums(album_id,artist_name)
	values ("11","Justin Bieber");
insert into artists_of_albums(album_id,artist_name)
	values ("12","Madeon");
insert into artists_of_albums(album_id,artist_name)
	values ("13","A$AP Rocky");
insert into genre_of_album(album_id,genre_name)
	values ("1","pop");
insert into genre_of_album(album_id,genre_name)
	values ("1","dance-pop");
insert into genre_of_album(album_id,genre_name)
	values ("1","synthpop");
insert into genre_of_album(album_id,genre_name)
	values ("2","pop");
insert into genre_of_album(album_id,genre_name)
	values ("3","hard rock");
insert into genre_of_album(album_id,genre_name)
	values ("3","blues");
insert into genre_of_album(album_id,genre_name)
	values ("3","country blues");
insert into genre_of_album(album_id,genre_name)
	values ("4","arena rock");
insert into genre_of_album(album_id,genre_name)
	values ("4","rock");
insert into genre_of_album(album_id,genre_name)
	values ("5","rock");
insert into genre_of_album(album_id,genre_name)
	values ("6","electropop");
insert into genre_of_album(album_id,genre_name)
	values ("7","soul");
insert into genre_of_album(album_id,genre_name)
	values ("7","pop");
insert into genre_of_album(album_id,genre_name)
	values ("7","R&B");
insert into genre_of_album(album_id,genre_name)
	values ("8","soul");
insert into genre_of_album(album_id,genre_name)
	values ("9","hip hop");
insert into genre_of_album(album_id,genre_name)
	values ("9","trap");
insert into genre_of_album(album_id,genre_name)
	values ("10","hip hop");
insert into genre_of_album(album_id,genre_name)
	values ("11","teen pop");
insert into genre_of_album(album_id,genre_name)
	values ("11","R&B");
insert into genre_of_album(album_id,genre_name)
	values ("11","holiday");
insert into genre_of_album(album_id,genre_name)
	values ("12","dance");
insert into genre_of_album(album_id,genre_name)
	values ("12","electro house");
insert into genre_of_album(album_id,genre_name)
	values ("12","pop");
insert into genre_of_album(album_id,genre_name)
	values ("13","trap");
insert into genre_of_album(album_id,genre_name)
	values ("13","hip hop");
insert into format_of_album(distribution_id,album_id,format_name)
	values ("1","1","mp3");
insert into format_of_album(distribution_id,album_id,format_name)
	values ("2","1","audio cd");
insert into format_of_album(distribution_id,album_id,format_name)
	values ("3","1","vinyl");
insert into format_of_album(distribution_id,album_id,format_name)
	values ("4","2","mp3");
insert into format_of_album(distribution_id,album_id,format_name)
	values ("5","2","audio cd");
insert into format_of_album(distribution_id,album_id,format_name)
	values ("6","12","mp3");
insert into format_of_album(distribution_id,album_id,format_name)
	values ("7","12","audio cd");
insert into format_of_album(distribution_id,album_id,format_name)
	values ("8","13","mp3");
insert into store_catalog(store_name,distribution_id,album_price)
	values ("Amazon","1","12.49");
insert into store_catalog(store_name,distribution_id,album_price)
	values ("iTunes","6","13.99");
insert into store_catalog(store_name,distribution_id,album_price)
	values ("Barnes & Noble","7","26.59");
insert into store_catalog(store_name,distribution_id,album_price)
	values ("iTunes","8","5.99");
